{"stats":{"minecraft:custom":{"minecraft:mob_kills":9,"minecraft:interact_with_crafting_table":7,"minecraft:leave_game":4,"minecraft:time_since_death":20183,"minecraft:climb_one_cm":9618,"minecraft:sprint_one_cm":152686,"minecraft:walk_one_cm":428774,"minecraft:damage_blocked_by_shield":3597,"minecraft:drop":122,"minecraft:deaths":8,"minecraft:sneak_time":8384,"minecraft:walk_under_water_one_cm":18018,"minecraft:jump":747,"minecraft:walk_on_water_one_cm":33561,"minecraft:interact_with_furnace":30,"minecraft:play_one_minute":158896,"minecraft:sleep_in_bed":3,"minecraft:time_since_rest":20235,"minecraft:damage_taken":3617,"minecraft:damage_absorbed":120,"minecraft:damage_dealt":2003,"minecraft:swim_one_cm":45938,"minecraft:fly_one_cm":71411,"minecraft:open_chest":51,"minecraft:crouch_one_cm":9729,"minecraft:fall_one_cm":10863},"minecraft:killed_by":{"minecraft:wolf":2,"minecraft:wither_skeleton":1,"minecraft:pillager":1,"minecraft:drowned":2,"minecraft:zombie":2},"minecraft:dropped":{"minecraft:iron_ingot":1,"minecraft:bread":11,"minecraft:porkchop":1,"minecraft:wheat_seeds":1,"silents_mechanisms:tin_ore":8,"minecraft:crafting_table":2,"minecraft:feather":2,"minecraft:cobblestone":27,"minecraft:granite":1,"minecraft:cracked_stone_bricks":2,"prefab:item_swift_blade_stone":1,"pamhc2crops:juniperberryitem":1,"minecraft:diorite":2,"minecraft:torch":26,"minecraft:wooden_axe":2,"theoneprobe:probenote":1,"betterdefaultbiomes:tall_water_reeds":1,"minecraft:wooden_sword":2,"minecraft:iron_axe":1,"minecraft:iron_pickaxe":1,"betterdefaultbiomes:small_rock_mossy":1,"embellishcraft:jade_cobblestone":36,"minecraft:chainmail_leggings":1,"ftbquests:book":1,"projectvibrantjourneys:redwood_log":1,"minecraft:gravel":1,"silents_mechanisms:zinc_ore":2,"quark:tallow":3,"minecraft:stone_axe":2,"pamhc2crops:raspberryitem":1,"minecraft:stone_sword":2,"farmersdelight:cabbage_seeds":8,"minecraft:clay_ball":4,"pamhc2crops:ryeitem":3,"minecraft:nether_bricks":1,"silents_mechanisms:silver_ore":1,"betterdefaultbiomes:small_rock_stone":2,"quark:cobbedstone":3,"minecraft:leather_chestplate":1,"minecraft:spruce_planks":27,"minecraft:leather_boots":2,"silents_mechanisms:bauxite_ore":2,"minecraft:oak_sapling":1,"minecraft:chainmail_boots":1,"silents_mechanisms:bismuth_ingot":12,"pamhc2crops:rutabagaitem":2,"minecraft:spider_eye":2,"minecraft:wooden_pickaxe":2,"minecraft:iron_bars":2,"projectvibrantjourneys:clam":1,"minecraft:arrow":1,"minecraft:stone_pickaxe":2,"projectvibrantjourneys:cattail":2,"cavesandcliffs:deepslate_iron_ore":4},"minecraft:broken":{"minecraft:leather_helmet":1,"minecraft:shield":1},"minecraft:picked_up":{"minecraft:wooden_axe":1,"minecraft:charcoal":10,"minecraft:crafting_table":3,"minecraft:iron_chestplate":3,"pamhc2crops:kohlrabiitem":2,"pamhc2crops:juniperberryitem":1,"minecraft:clay_ball":4,"minecraft:wooden_pickaxe":1,"pamhc2crops:broccoliitem":1,"minecraft:shield":2,"pamhc2crops:ryeitem":3,"minecraft:string":60,"minecraft:iron_axe":2,"minecraft:wooden_sword":1,"minecraft:flint_and_steel":1,"minecraft:iron_leggings":6,"pamhc2crops:raspberryitem":2,"minecraft:iron_shovel":1,"minecraft:cracked_stone_bricks":2,"pickletweaks:charcoal_piece":8,"silents_mechanisms:bismuth_ingot":4,"minecraft:spruce_planks":5,"betterdefaultbiomes:small_rock_mossy":1,"minecraft:iron_pickaxe":3,"farmersdelight:cabbage_seeds":8,"minecraft:furnace":8,"silents_mechanisms:bauxite_ore":2,"betterdefaultbiomes:small_rock_diorite":4,"minecraft:stick":16,"cavesandcliffs:deepslate_iron_ore":42,"minecraft:torch":64,"minecraft:porkchop":1,"minecraft:diorite":2,"minecraft:golden_chestplate":1,"embellishcraft:jade_cobblestone":36,"pamhc2crops:cabbageitem":3,"minecraft:stone_sword":1,"minecraft:arrow":5,"minecraft:rotten_flesh":3,"minecraft:nether_bricks":3,"pamhc2crops:quinoaitem":1,"minecraft:diamond_boots":1,"pamhc2crops:rutabagaitem":3,"projectvibrantjourneys:cattail":2,"minecraft:gold_ingot":48,"minecraft:iron_bars":2,"minecraft:cobblestone":93,"pamhc2crops:cottonitem":3,"minecraft:leather_chestplate":1,"minecraft:feather":2,"minecraft:andesite":3,"brazier:living_flame":2,"minecraft:flint":1,"minecraft:blue_bed":3,"projectvibrantjourneys:clam":1,"minecraft:leather_boots":1,"minecraft:bone":58,"minecraft:wheat_seeds":1,"minecraft:iron_ingot":9,"minecraft:cobweb":14,"minecraft:stone_pickaxe":1,"quark:tallow":3,"minecraft:iron_ore":109,"betterdefaultbiomes:tall_water_reeds":3,"minecraft:iron_sword":2,"silents_mechanisms:bismuth_ore":8,"cavesandcliffs:cobbled_deepslate":94,"minecraft:cooked_porkchop":14,"minecraft:gravel":1,"betterdefaultbiomes:small_rock_stone":24,"minecraft:stripped_spruce_log":1,"minecraft:spruce_log":46,"minecraft:spruce_door":2,"minecraft:spider_eye":2,"minecraft:leather_helmet":1,"projectvibrantjourneys:redwood_log":5,"pamhc2crops:huckleberryitem":1,"minecraft:stone_axe":1,"minecraft:chainmail_leggings":1,"minecraft:granite":2,"quark:cobbedstone":3,"minecraft:golden_apple":5,"minecraft:bread":14,"silents_mechanisms:zinc_ore":2,"silents_mechanisms:tin_ore":8,"minecraft:oak_sapling":1,"minecraft:coal":48,"cspirit:star":1},"minecraft:crafted":{"pickletweaks:charcoal_piece":8,"minecraft:flint_and_steel":1,"minecraft:iron_axe":1,"minecraft:stone_pickaxe":1,"minecraft:crafting_table":2,"silents_mechanisms:bismuth_ingot":8,"minecraft:spruce_planks":72,"minecraft:wooden_pickaxe":1,"minecraft:spruce_door":3,"minecraft:stone_axe":1,"minecraft:charcoal":24,"minecraft:shield":1,"minecraft:stick":44,"minecraft:iron_ingot":7,"minecraft:wooden_axe":1,"minecraft:stone_sword":1,"minecraft:iron_leggings":1,"minecraft:torch":108,"projectvibrantjourneys:redwood_planks":16},"minecraft:used":{"pamhc2crops:cabbageitem":3,"minecraft:flint_and_steel":3,"minecraft:spruce_planks":18,"minecraft:iron_sword":54,"minecraft:shield":81,"minecraft:torch":235,"minecraft:nether_bricks":2,"cspirit:star":1,"minecraft:granite":1,"minecraft:wooden_axe":17,"minecraft:iron_axe":11,"pamhc2crops:quinoaitem":1,"minecraft:furnace":2,"pamhc2crops:rutabagaitem":1,"pamhc2crops:huckleberryitem":1,"pamhc2crops:cottonitem":3,"minecraft:spruce_door":1,"pamhc2crops:broccoliitem":1,"pamhc2crops:kohlrabiitem":2,"minecraft:stone_pickaxe":42,"minecraft:wooden_pickaxe":29,"minecraft:blue_bed":1,"cavesandcliffs:cobbled_deepslate":29,"minecraft:golden_apple":1,"minecraft:tnt":2,"minecraft:crafting_table":1,"minecraft:bread":11,"minecraft:iron_pickaxe":185,"betterdefaultbiomes:small_rock_stone":22,"minecraft:stone_axe":86,"minecraft:wooden_sword":14,"minecraft:cooked_porkchop":11,"pamhc2crops:raspberryitem":1,"betterdefaultbiomes:small_rock_diorite":4},"minecraft:mined":{"embellishcraft:jade":36,"minecraft:granite":1,"projectvibrantjourneys:redwood_log":4,"minecraft:spruce_leaves":17,"betterdefaultbiomes:small_rock_mossy":1,"betterdefaultbiomes:small_rock_stone":6,"minecraft:furnace":2,"minecraft:iron_ore":62,"minecraft:andesite":3,"minecraft:stripped_spruce_log":1,"betterdefaultbiomes:small_rock_diorite":2,"cavesandcliffs:deepslate_iron_ore":22,"minecraft:stone":56,"minecraft:crafting_table":1,"tidbits:flint_ore":1,"silents_mechanisms:tin_ore":8,"minecraft:diorite":1,"minecraft:wall_torch":1,"minecraft:blue_bed":2,"betterdefaultbiomes:dead_grass":1,"minecraft:spruce_log":47,"minecraft:tnt":1,"minecraft:grass":1,"minecraft:coal_ore":33,"projectvibrantjourneys:short_grass":2,"pamhc2crops:frostgarden":21,"silents_mechanisms:bismuth_ore":8,"minecraft:gravel":1,"silents_mechanisms:zinc_ore":1,"minecraft:cobweb":27,"cavesandcliffs:deepslate":3,"minecraft:cracked_stone_bricks":1,"silents_mechanisms:bauxite_ore":1},"minecraft:killed":{"minecraft:spider":1,"betteranimalsplus:boar":1,"minecraft:pillager":1,"minecraft:zombie":7,"minecraft:stray":1,"minecraft:wither_skeleton":1}},"DataVersion":2586}