{"stats":{"minecraft:crafted":{"minecraft:oak_planks":24,"minecraft:furnace":2,"minecraft:cooked_mutton":6,"minecraft:iron_boots":1,"minecraft:stone_pickaxe":1,"minecraft:chest":2,"minecraft:diamond_sword":1,"minecraft:cooked_porkchop":3,"minecraft:crafting_table":2,"minecraft:spruce_planks":72,"minecraft:enchanting_table":1,"minecraft:wooden_pickaxe":1,"minecraft:iron_helmet":1,"minecraft:iron_sword":2,"betteranimalsplus:turkey_cooked":1,"minecraft:bucket":1,"minecraft:air":0,"minecraft:iron_chestplate":2,"minecraft:diamond_pickaxe":1,"minecraft:shield":2,"minecraft:stick":48,"minecraft:iron_ingot":46,"minecraft:iron_pickaxe":2,"minecraft:iron_leggings":1,"minecraft:torch":136},"minecraft:mined":{"minecraft:diamond_ore":10,"minecraft:spruce_planks":7,"cavesandcliffs:deepslate_gold_ore":2,"minecraft:light_blue_carpet":1,"minecraft:brewing_stand":1,"minecraft:obsidian":20,"minecraft:nether_bricks":5,"minecraft:granite":1,"betterdefaultbiomes:short_grass":1,"minecraft:spruce_leaves":9,"minecraft:spawner":11,"minecraft:large_fern":1,"minecraft:tall_seagrass":2,"betterdefaultbiomes:small_rock_stone":7,"minecraft:furnace":6,"minecraft:brown_stained_glass":1,"minecraft:iron_ore":38,"minecraft:fire":9,"cspirit:star":1,"projectvibrantjourneys:bark_mushroom":1,"minecraft:nether_brick_stairs":9,"minecraft:bookshelf":14,"minecraft:vine":2,"minecraft:iron_bars":8,"minecraft:spruce_pressure_plate":5,"cavesandcliffs:deepslate_iron_ore":11,"minecraft:spruce_wood":1,"minecraft:stone":4,"minecraft:white_wool":5,"buddycards:luminis_ore":1,"betterdefaultbiomes:tall_water_reeds":2,"minecraft:crafting_table":1,"minecraft:torch":2,"minecraft:emerald_ore":2,"oresabovediamonds:amethyst_ore":4,"minecraft:cobblestone":2,"minecraft:lapis_ore":7,"minecraft:wall_torch":1,"minecraft:lime_bed":2,"cavesandcliffs:deepslate_emerald_ore":2,"minecraft:spruce_log":15,"minecraft:stone_brick_stairs":1,"minecraft:coal_ore":14,"minecraft:oak_log":6,"projectvibrantjourneys:short_grass":2,"pamhc2crops:frostgarden":2,"minecraft:brown_terracotta":1,"minecraft:cobweb":29,"cavesandcliffs:deepslate":11,"minecraft:cracked_stone_bricks":1,"minecraft:stone_bricks":2,"minecraft:gold_ore":8,"minecraft:oak_leaves":4},"minecraft:picked_up":{"minecraft:wooden_axe":1,"minecraft:iron_chestplate":1,"minecraft:crafting_table":5,"minecraft:chainmail_boots":1,"minecraft:clay_ball":4,"minecraft:diamond_sword":1,"minecraft:wooden_pickaxe":1,"minecraft:enchanted_book":1,"minecraft:stone_brick_stairs":1,"minecraft:brewing_stand":1,"minecraft:shield":7,"minecraft:golden_sword":1,"minecraft:string":108,"cavesandcliffs:deepslate_copper_ore":1,"minecraft:iron_axe":1,"minecraft:wooden_sword":2,"minecraft:iron_leggings":1,"minecraft:cracked_stone_bricks":1,"minecraft:diamond_leggings":2,"minecraft:spruce_planks":51,"cavesandcliffs:deepslate_gold_ore":4,"oresabovediamonds:amethyst":4,"minecraft:iron_pickaxe":1,"betterdefaultbiomes:small_rock_granite":1,"upgrade_aquatic:mulberry":3,"minecraft:furnace":7,"farmersdelight:cabbage_seeds":4,"minecraft:iron_boots":1,"silents_mechanisms:bauxite_ore":2,"betterdefaultbiomes:small_rock_diorite":2,"minecraft:spruce_pressure_plate":3,"minecraft:stick":2,"cavesandcliffs:deepslate_iron_ore":26,"minecraft:brown_terracotta":1,"projectvibrantjourneys:bark_mushroom":2,"minecraft:torch":92,"minecraft:porkchop":3,"betteranimalsplus:turkey_raw":1,"minecraft:golden_chestplate":3,"minecraft:arrow":24,"minecraft:rotten_flesh":17,"minecraft:nether_bricks":8,"minecraft:diamond_boots":2,"prefab:item_swift_blade_stone":2,"pamhc2crops:rutabagaitem":2,"projectvibrantjourneys:cattail":1,"minecraft:gold_ingot":45,"quark:brown_shard":4,"minecraft:obsidian":40,"minecraft:mutton":9,"minecraft:iron_bars":6,"minecraft:white_wool":10,"minecraft:cobblestone":75,"minecraft:lime_bed":2,"minecraft:feather":2,"minecraft:water_bucket":1,"cspirit:present_wrapped_red":1,"minecraft:oak_log":6,"minecraft:chainmail_chestplate":2,"minecraft:lapis_lazuli":90,"quark:forgotten_hat":3,"minecraft:leather_boots":2,"minecraft:bone":39,"minecraft:apple":1,"minecraft:stone_bricks":1,"minecraft:spruce_wood":3,"minecraft:iron_ore":38,"minecraft:iron_ingot":26,"minecraft:stone_pickaxe":1,"quark:tallow":3,"minecraft:cobweb":4,"betterdefaultbiomes:tall_water_reeds":2,"minecraft:diamond_helmet":1,"minecraft:iron_sword":2,"minecraft:book":42,"pamhc2crops:peasitem":2,"silents_mechanisms:bismuth_ore":8,"cavesandcliffs:cobbled_deepslate":32,"patchouli:guide_book":2,"minecraft:gravel":2,"embellishcraft:slate_cobblestone":5,"betterdefaultbiomes:small_rock_stone":28,"minecraft:nether_brick_stairs":3,"minecraft:spruce_log":15,"minecraft:gold_ore":16,"minecraft:spider_eye":5,"minecraft:mossy_cobblestone":2,"quark:jasper":8,"minecraft:diamond_shovel":3,"minecraft:clay":1,"minecraft:diamond":16,"minecraft:stone_axe":3,"minecraft:chainmail_leggings":1,"minecraft:iron_helmet":5,"minecraft:blue_ice":4,"minecraft:granite":1,"minecraft:golden_apple":2,"minecraft:chainmail_helmet":1,"minecraft:emerald":8,"minecraft:bread":14,"silents_mechanisms:zinc_ore":1,"minecraft:oak_sapling":1,"minecraft:coal":120,"minecraft:diamond_pickaxe":2,"cspirit:star":2,"minecraft:ender_pearl":2},"minecraft:killed_by":{"minecraft:wither_skeleton":3,"minecraft:creeper":1,"minecraft:pillager":1,"minecraft:zombie":3},"minecraft:dropped":{"minecraft:nether_brick_stairs":2,"minecraft:iron_ingot":13,"minecraft:bread":3,"minecraft:iron_sword":2,"cavesandcliffs:cobbled_deepslate":28,"minecraft:crafting_table":2,"minecraft:cooked_porkchop":12,"minecraft:iron_helmet":1,"minecraft:feather":1,"minecraft:cobblestone":10,"minecraft:granite":1,"minecraft:cracked_stone_bricks":1,"minecraft:chainmail_helmet":2,"minecraft:leather_helmet":1,"minecraft:golden_apple":3,"minecraft:stick":1,"minecraft:cobweb":4,"betteranimalsplus:turkey_cooked":1,"minecraft:torch":28,"minecraft:wooden_axe":1,"cavesandcliffs:deepslate_copper_ore":1,"betterdefaultbiomes:tall_water_reeds":2,"minecraft:iron_leggings":4,"minecraft:wooden_sword":1,"minecraft:iron_pickaxe":1,"minecraft:chainmail_leggings":1,"minecraft:string":38,"minecraft:white_wool":7,"minecraft:bone":68,"minecraft:furnace":2,"quark:tallow":3,"minecraft:stone_axe":2,"minecraft:golden_chestplate":2,"cspirit:star":1,"farmersdelight:cabbage_seeds":8,"minecraft:rotten_flesh":10,"minecraft:clay_ball":4,"minecraft:nether_bricks":6,"betterdefaultbiomes:small_rock_stone":3,"patchouli:guide_book":1,"minecraft:leather_chestplate":1,"minecraft:shield":3,"minecraft:spruce_planks":5,"minecraft:iron_chestplate":2,"minecraft:blue_ice":2,"minecraft:leather_boots":1,"minecraft:chainmail_boots":1,"quark:forgotten_hat":1,"pamhc2crops:rutabagaitem":2,"minecraft:spider_eye":3,"minecraft:iron_bars":2,"minecraft:arrow":4,"minecraft:stone_pickaxe":1,"projectvibrantjourneys:cattail":1,"cavesandcliffs:deepslate_iron_ore":11,"pamhc2crops:peasitem":2},"minecraft:used":{"minecraft:chest":2,"minecraft:stone":251,"minecraft:spruce_planks":106,"minecraft:shield":75,"minecraft:iron_sword":208,"minecraft:torch":256,"minecraft:carrot":3,"cspirit:star":1,"minecraft:oak_fence_gate":37,"minecraft:obsidian":15,"minecraft:iron_axe":8,"buzzier_bees:honey_apple":6,"minecraft:stone_brick_stairs":95,"minecraft:stone_bricks":272,"prefab:item_swift_blade_stone":3,"minecraft:furnace":5,"minecraft:cooked_mutton":5,"minecraft:water_bucket":2,"minecraft:diorite":18,"minecraft:stone_pickaxe":18,"minecraft:baked_potato":7,"minecraft:wooden_pickaxe":3,"minecraft:lime_bed":2,"minecraft:crafting_table":3,"minecraft:diamond_pickaxe":58,"silents_mechanisms:stone_machine_frame":2,"minecraft:bread":18,"minecraft:melon_slice":3,"minecraft:iron_pickaxe":115,"betterdefaultbiomes:small_rock_stone":23,"cspirit:present_wrapped_red":1,"minecraft:cobblestone":15,"minecraft:stone_axe":30,"minecraft:potion":1,"minecraft:diamond_sword":308,"minecraft:wooden_sword":10,"minecraft:cooked_porkchop":20,"minecraft:bucket":3},"minecraft:custom":{"minecraft:mob_kills":103,"minecraft:animals_bred":1,"minecraft:interact_with_crafting_table":22,"minecraft:leave_game":4,"minecraft:time_since_death":65493,"minecraft:climb_one_cm":14525,"minecraft:sprint_one_cm":390935,"minecraft:walk_one_cm":557279,"minecraft:damage_blocked_by_shield":3782,"minecraft:drop":114,"minecraft:talked_to_villager":2,"minecraft:deaths":9,"minecraft:sneak_time":7584,"minecraft:walk_under_water_one_cm":34813,"minecraft:jump":1880,"minecraft:walk_on_water_one_cm":51277,"minecraft:interact_with_furnace":72,"minecraft:play_one_minute":229820,"minecraft:sleep_in_bed":2,"minecraft:time_since_rest":40491,"minecraft:damage_taken":5817,"minecraft:damage_absorbed":68,"minecraft:damage_dealt":18536,"minecraft:swim_one_cm":28589,"minecraft:fly_one_cm":977270,"minecraft:open_chest":100,"minecraft:crouch_one_cm":16734,"minecraft:interact_with_smoker":1,"minecraft:fall_one_cm":42951},"minecraft:killed":{"minecraft:cave_spider":7,"betteranimalsplus:turkey":1,"minecraft:spider":12,"quark:toretoise":1,"minecraft:skeleton":8,"betterdefaultbiomes:frozen_zombie":1,"minecraft:sheep":7,"minecraft:pillager":1,"minecraft:zombie":30,"minecraft:stray":6,"minecraft:wither_skeleton":17,"minecraft:enderman":5},"minecraft:broken":{"minecraft:iron_axe":1,"minecraft:leather_boots":1}},"DataVersion":2586}